tileground;tileground;tileground;tileground;tileground;tileground;tileground;tileground;tileground;tileground;tileground;tileground;tileground;tileground;tileground;tileground;tileground;tileground;tileground;tileground;tileground;tileground;tileground;tileground;tileground;tileground;tileground;tileground;tileground;tileground;tileground;tileground;tileground;tileground;tileground;tileground;tileground;tileground;tileground;tileground;tileground;tileground;tileground;tileground;tileground;tileground;tileground;tileground;tileground;tileground;tileground;tileground;tileground;tileground;tileground;tileground;tileground;tileground;tileground;tileground;tileground
tileground;tileground;tileground;tileground;tileground;tileground;tileground;tileground;tileground;tileground;tileground;tileground;tileground;tileground;tileground;tileground;tileground;tileground;tileground;tileground;tileground;tileground;tileground;tileground;tileground;tileground;tileground;tileground;tileground;tileground;tileground;tileground;tileground;tileground;tileground;tilewall;tileground;tileground;tileground;tileground;tileground;tileground;tileground;tileground;tileground;tileground;tileground;tileground;tileground;tileground;tileground;tileground;tileground;tileground;tileground;tileground;tileground;tileground;tileground;tileground;tileground
tileground;tileground;tileground;tileground;tileground;tileground;tileground;tileground;tileground;tileground;tileground;tileground;tileground;tileground;tileground;tileground;tileground;tileground;tileground;tileground;tileground;tileground;tileground;tileground;tileground;tileground;tileground;tileground;tileground;tileground;tileground;tileground;tileground;tileground;tileground;tilewall;tileground;tileground;tileground;tileground;tileground;tileground;tileground;tileground;tileground;tileground;tileground;tileground;tileground;tileground;tileground;tileground;tileground;tileground;tileground;tileground;tileground;tileground;tileground;tileground;tileground
tileground;tileground;tileground;tileground;tileground;tileground;tileground;tileground;tileground;tileground;tileground;tileground;tileground;tileground;tileground;tileground;tileground;tileground;tileground;tileground;tileground;tileground;tileground;tileground;tileground;tileground;tileground;tileground;tileground;tileground;tileground;tileground;tileground;tileground;tileground;tilewall;tileground;tileground;tileground;tileground;tileground;tileground;tileground;tileground;tileground;tileground;tileground;tileground;tileground;tileground;tileground;tileground;tileground;tileground;tileground;tileground;tileground;tileground;tileground;tileground;tileground
tileground;tileground;tileground;tileground;tileground;tileground;tileground;tileground;tileground;tileground;tileground;tileground;tileground;tileground;tileground;tileground;tileground;tileground;tileground;tileground;tileground;tileground;tileground;tileground;tileground;tileground;tileground;tileground;tileground;tileground;tileground;tileground;tileground;tileground;tileground;tilewall;tileground;tileground;tileground;tileground;tileground;tileground;tileground;tileground;tileground;tileground;tileground;tileground;tileground;tileground;tileground;tileground;tileground;tileground;tileground;tileground;tileground;tileground;tileground;tileground;tileground
tileground;tileground;tileground;tileground;tileground;tileground;tileground;tileground;tileground;tileground;tileground;tileground;tileground;tileground;tileground;tileground;tileground;tileground;tileground;tileground;tileground;tileground;tileground;tileground;tileground;tileground;tileground;tileground;tileground;tileground;tileground;tileground;tileground;tileground;tileground;tilewall;tileground;tileground;tileground;tileground;tileground;tileground;tileground;tileground;tileground;tileground;tileground;tileground;tileground;tileground;tileground;tileground;tileground;tileground;tileground;tileground;tileground;tileground;tileground;tileground;tileground
tileground;tileground;tileground;tileground;tileground;tileground;tileground;tileground;tileground;tileground;tileground;tileground;tileground;tileground;tileground;tileground;tileground;tileground;tileground;tileground;tileground;tileground;tileground;tileground;tileground;tileground;tileground;tileground;tileground;tileground;tileground;tileground;tileground;tileground;tileground;tilewall;tileground;tileground;tileground;tileground;tileground;tileground;tileground;tileground;tileground;tileground;tileground;tileground;tileground;tileground;tileground;tileground;tileground;tileground;tileground;tileground;tileground;tileground;tileground;tileground;tileground
tileground;tileground;tileground;tileground;tileground;tileground;tileground;tileground;tileground;tileground;tileground;tileground;tileground;tileground;tileground;tileground;tileground;tileground;tileground;tileground;tileground;tileground;tileground;tileground;tileground;tileground;tileground;tileground;tileground;tileground;tileground;tileground;tileground;tileground;tileground;tilewall;tileground;tileground;tileground;tileground;tileground;tileground;tileground;tileground;tilewall;tilewall;tilewall;tilewall;tilewall;tilewall;tilewall;tilewall;tilewall;tilewall;tileground;tileground;tileground;tileground;tileground;tileground;tileground
tileground;tileground;tileground;tileground;tileground;tileground;tileground;tileground;tileground;tileground;tileground;tileground;tileground;tileground;tileground;tileground;tileground;tileground;tileground;tileground;tileground;tileground;tileground;tileground;tileground;tileground;tileground;tileground;tileground;tileground;tileground;tileground;tileground;tileground;tileground;tilewall;tileground;tileground;tileground;tileground;tileground;tileground;tileground;tileground;tilewall;tileground;tileground;tileground;tileground;tileground;tileground;tileground;tileground;tilewall;tileground;tileground;tileground;tileground;tileground;tileground;tileground
tileground;tileground;tileground;tileground;tileground;tileground;tileground;tileground;tileground;tileground;tileground;tileground;tileground;tileground;tileground;tileground;tileground;tileground;tileground;tileground;tileground;tileground;tileground;tileground;tileground;tileground;tileground;tileground;tileground;tileground;tileground;tileground;tileground;tileground;tileground;tilewall;tileground;tileground;tileground;tileground;tileground;tileground;tileground;tileground;tilewall;tileground;tileground;tileground;tileground;tileground;tileground;tileground;tileground;tilewall;tileground;tileground;tileground;tileground;tileground;tileground;tileground
tileground;tileground;tileground;tileground;tileground;tileground;tileground;tileground;tileground;tileground;tileground;tileground;tileground;tileground;tileground;tileground;tileground;tileground;tileground;tileground;tileground;tileground;tileground;tileground;tileground;tileground;tileground;tileground;tileground;tileground;tileground;tileground;tileground;tileground;tileground;tilewall;tileground;tileground;tileground;tileground;tileground;tileground;tileground;tileground;tilewall;tileground;tileground;tileground;tileground;tileground;tileground;tileground;tileground;tilewall;tileground;tileground;tileground;tileground;tileground;tileground;tileground
tileground;tileground;tileground;tileground;tileground;tileground;tileground;tileground;tileground;tileground;tileground;tileground;tileground;tileground;tileground;tileground;tileground;tileground;tileground;tileground;tileground;tileground;tileground;tileground;tileground;tileground;tileground;tileground;tileground;tileground;tileground;tileground;tileground;tileground;tileground;tilewall;tileground;tileground;tileground;tileground;tileground;tileground;tileground;tileground;tilewall;tileground;tileground;tileground;tileground;tileground;tileground;tileground;tileground;tilewall;tileground;tileground;tileground;tileground;tileground;tileground;tileground
tileground;tileground;tileground;tileground;tileground;tileground;tileground;tileground;tileground;tileground;tileground;tileground;tileground;tileground;tileground;tileground;tileground;tileground;tileground;tileground;tileground;tileground;tileground;tileground;tileground;tileground;tileground;tileground;tileground;tileground;tileground;tileground;tileground;tileground;tileground;tilewall;tileground;tileground;tileground;tileground;tileground;tileground;tileground;tileground;tilewall;tileground;tileground;tileground;tileground;tileground;tileground;tileground;tileground;tilewall;tileground;tileground;tileground;tileground;tileground;tileground;tileground
tileground;tileground;tileground;tileground;tileground;tileground;tileground;tileground;tileground;tileground;tileground;tileground;tileground;tileground;tileground;tileground;tileground;tileground;tileground;tileground;tileground;tileground;tileground;tileground;tileground;tileground;tileground;tileground;tileground;tileground;tileground;tileground;tileground;tileground;tileground;tilewall;tileground;tileground;tileground;tileground;tileground;tileground;tileground;tileground;tilewall;tileground;tileground;tileground;tileground;tileground;tileground;tileground;tileground;tilewall;tileground;tileground;tileground;tileground;tileground;tileground;tileground
tileground;tileground;tileground;tileground;tileground;tileground;tileground;tileground;tileground;tileground;tileground;tileground;tileground;tileground;tileground;tileground;tileground;tileground;tileground;tileground;tileground;tileground;tileground;tileground;tileground;tileground;tileground;tileground;tileground;tileground;tileground;tileground;tileground;tileground;tileground;tilewall;tileground;tileground;tileground;tileground;tileground;tileground;tileground;tileground;tilewall;tileground;tileground;tileground;tileground;tileground;tileground;tileground;tileground;tilewall;tileground;tileground;tileground;tileground;tileground;tileground;tileground
tileground;tileground;tileground;tileground;tileground;tileground;tileground;tileground;tileground;tileground;tileground;tileground;tileground;tileground;tileground;tileground;tileground;tileground;tileground;tileground;tileground;tileground;tileground;tileground;tileground;tileground;tileground;tileground;tileground;tileground;tileground;tileground;tileground;tileground;tileground;tilewall;tileground;tileground;tileground;tileground;tileground;tileground;tileground;tileground;tilewall;tileground;tileground;tileground;tileground;tileground;tileground;tileground;tileground;tilewall;tileground;tileground;tileground;tileground;tileground;tileground;tileground
tilewall;tilewall;tilewall;tilewall;tilewall;tilewall;tilewall;tilewall;tilewall;tilewall;tilewall;tilewall;tileground;tileground;tileground;tileground;tileground;tileground;tileground;tileground;tileground;tileground;tileground;tileground;tileground;tilewall;tileground;tileground;tileground;tileground;tileground;tileground;tileground;tileground;tileground;tilewall;tileground;tileground;tileground;tileground;tileground;tileground;tileground;tileground;tilewall;tileground;tileground;tileground;tileground;tileground;tileground;tileground;tileground;tilewall;tileground;tileground;tileground;tileground;tileground;tileground;tileground
tileground;tileground;tileground;tileground;tileground;tileground;tileground;tileground;tileground;tileground;tileground;tileground;tileground;tileground;tileground;tileground;tileground;tileground;tileground;tileground;tileground;tileground;tileground;tileground;tileground;tilewall;tileground;tileground;tileground;tileground;tileground;tileground;tileground;tileground;tileground;tilewall;tileground;tileground;tileground;tileground;tileground;tileground;tileground;tileground;tilewall;tileground;tileground;tileground;tileground;tileground;tileground;tileground;tileground;tilewall;tileground;tileground;tileground;tileground;tileground;tileground;tileground
tileground;tileground;tileground;tileground;tileground;tileground;tileground;tileground;tileground;tileground;tileground;tileground;tileground;tileground;tileground;tileground;tileground;tileground;tileground;tileground;tileground;tileground;tileground;tileground;tileground;tilewall;tileground;tileground;tileground;tileground;tileground;tileground;tileground;tileground;tileground;tilewall;tileground;tileground;tileground;tileground;tileground;tileground;tileground;tileground;tilewall;tileground;tileground;tileground;tileground;tileground;tileground;tileground;tileground;tilewall;tileground;tileground;tileground;tileground;tileground;tileground;tileground
tileground;tileground;tileground;tileground;tileground;tileground;tileground;tileground;tileground;tileground;tileground;tileground;tileground;tileground;tileground;tileground;tileground;tileground;tileground;tileground;tileground;tileground;tileground;tileground;tileground;tilewall;tileground;tileground;tileground;tileground;tileground;tileground;tileground;tileground;tileground;tileground;tileground;tileground;tileground;tileground;tileground;tileground;tileground;tileground;tilewall;tileground;tileground;tileground;tileground;tileground;tileground;tileground;tileground;tilewall;tileground;tileground;tileground;tileground;tileground;tileground;tileground
tileground;tileground;tileground;tileground;tileground;tileground;tileground;tileground;tileground;tileground;tileground;tileground;tileground;tileground;tileground;tileground;tileground;tileground;tileground;tileground;tileground;tileground;tileground;tileground;tileground;tilewall;tileground;tileground;tileground;tileground;tileground;tileground;tileground;tileground;tileground;tileground;tileground;tileground;tileground;tileground;tileground;tileground;tileground;tileground;tilewall;tileground;tileground;tileground;tileground;tileground;tileground;tileground;tileground;tilewall;tileground;tileground;tileground;tileground;tileground;tileground;tileground
tileground;tileground;tileground;tileground;tileground;tileground;tileground;tileground;tileground;tileground;tileground;tileground;tileground;tileground;tileground;tileground;tileground;tileground;tileground;tileground;tileground;tileground;tileground;tileground;tileground;tilewall;tileground;tileground;tileground;tileground;tileground;tileground;tileground;tileground;tileground;tileground;tileground;tileground;tileground;tileground;tileground;tileground;tileground;tileground;tilewall;tileground;tileground;tileground;tileground;tileground;tileground;tileground;tileground;tilewall;tileground;tileground;tileground;tileground;tileground;tileground;tileground
tileground;tileground;tileground;tileground;tileground;tileground;tileground;tileground;tileground;tileground;tileground;tileground;tileground;tileground;tileground;tileground;tileground;tileground;tileground;tileground;tileground;tileground;tileground;tileground;tileground;tilewall;tileground;tileground;tileground;tileground;tileground;tileground;tileground;tileground;tileground;tileground;tileground;tileground;tileground;tileground;tileground;tileground;tileground;tileground;tilewall;tileground;tileground;tileground;tileground;tileground;tileground;tileground;tileground;tilewall;tileground;tileground;tileground;tileground;tilefinish;tileground;tileground
tileground;tileground;tileground;tileground;tileground;tileground;tileground;tileground;tileground;tileground;tileground;tileground;tileground;tileground;tileground;tileground;tileground;tileground;tileground;tileground;tileground;tileground;tileground;tileground;tileground;tilewall;tileground;tileground;tileground;tileground;tileground;tileground;tileground;tileground;tileground;tileground;tileground;tileground;tileground;tileground;tileground;tileground;tileground;tileground;tilewall;tileground;tileground;tileground;tileground;tileground;tileground;tileground;tileground;tilewall;tileground;tileground;tileground;tileground;tileground;tileground;tileground
tileground;tileground;tileground;tileground;tileground;tileground;tileground;tileground;tileground;tileground;tileground;tilewall;tileground;tileground;tileground;tileground;tileground;tileground;tileground;tileground;tileground;tileground;tileground;tileground;tileground;tilewall;tileground;tileground;tileground;tileground;tileground;tileground;tileground;tileground;tileground;tileground;tileground;tileground;tileground;tileground;tileground;tileground;tileground;tileground;tilewall;tileground;tileground;tileground;tileground;tileground;tileground;tileground;tileground;tilewall;tileground;tileground;tileground;tileground;tileground;tileground;tileground
tileground;tileground;tileground;tileground;tileground;tileground;tileground;tileground;tileground;tileground;tileground;tilewall;tileground;tileground;tileground;tileground;tileground;tileground;tileground;tileground;tileground;tileground;tileground;tileground;tileground;tilewall;tileground;tileground;tileground;tileground;tileground;tileground;tileground;tileground;tileground;tileground;tileground;tileground;tileground;tileground;tileground;tileground;tileground;tileground;tilewall;tileground;tileground;tileground;tileground;tileground;tileground;tileground;tileground;tilewall;tileground;tileground;tileground;tileground;tileground;tileground;tileground
tileground;tileground;tileground;tileground;tileground;tileground;tileground;tileground;tileground;tileground;tileground;tilewall;tileground;tileground;tileground;tileground;tileground;tileground;tileground;tileground;tileground;tileground;tileground;tileground;tileground;tilewall;tileground;tileground;tileground;tileground;tileground;tileground;tileground;tileground;tileground;tileground;tileground;tileground;tileground;tileground;tileground;tileground;tileground;tileground;tilewall;tileground;tileground;tileground;tileground;tileground;tileground;tileground;tileground;tilewall;tileground;tileground;tileground;tileground;tileground;tileground;tileground
tileground;tileground;tileground;tileground;tileground;tileground;tileground;tileground;tileground;tileground;tileground;tilewall;tileground;tileground;tileground;tileground;tileground;tileground;tileground;tileground;tileground;tileground;tileground;tileground;tileground;tilewall;tileground;tileground;tileground;tileground;tileground;tileground;tileground;tileground;tileground;tileground;tileground;tileground;tileground;tileground;tileground;tileground;tileground;tileground;tilewall;tileground;tileground;tileground;tileground;tileground;tileground;tileground;tileground;tilewall;tileground;tileground;tileground;tileground;tileground;tileground;tileground
tileground;tileground;tileground;tileground;tileground;tileground;tileground;tileground;tileground;tileground;tileground;tilewall;tileground;tileground;tileground;tileground;tileground;tileground;tileground;tileground;tileground;tilewall;tilewall;tilewall;tilewall;tilewall;tilewall;tilewall;tilewall;tilewall;tileground;tileground;tileground;tileground;tileground;tileground;tileground;tileground;tileground;tileground;tileground;tileground;tileground;tileground;tilewall;tileground;tileground;tileground;tileground;tileground;tileground;tileground;tileground;tilewall;tileground;tileground;tileground;tileground;tileground;tileground;tileground
tileground;tilewall;tilewall;tilewall;tilewall;tilewall;tilewall;tileground;tileground;tilewall;tileground;tilewall;tileground;tileground;tileground;tileground;tileground;tileground;tileground;tileground;tileground;tilewall;tileground;tileground;tileground;tileground;tileground;tileground;tileground;tilewall;tileground;tileground;tileground;tileground;tileground;tileground;tileground;tileground;tileground;tileground;tileground;tileground;tileground;tileground;tilewall;tileground;tileground;tileground;tileground;tileground;tileground;tileground;tileground;tilewall;tileground;tileground;tileground;tileground;tileground;tileground;tileground
tileground;tilewall;tileground;tileground;tileground;tileground;tileground;tileground;tileground;tilewall;tileground;tilewall;tileground;tileground;tileground;tileground;tileground;tileground;tileground;tileground;tileground;tilewall;tileground;tileground;tileground;tileground;tileground;tileground;tileground;tilewall;tileground;tileground;tileground;tileground;tileground;tileground;tileground;tileground;tileground;tileground;tileground;tileground;tileground;tileground;tilewall;tileground;tileground;tileground;tileground;tileground;tileground;tileground;tileground;tilewall;tileground;tileground;tileground;tileground;tileground;tileground;tileground
tileground;tilewall;tileground;tileground;tileground;tileground;tileground;tileground;tileground;tilewall;tileground;tilewall;tileground;tileground;tileground;tileground;tileground;tileground;tileground;tileground;tileground;tilewall;tileground;tileground;tileground;tileground;tileground;tileground;tileground;tilewall;tileground;tileground;tileground;tileground;tileground;tileground;tileground;tileground;tileground;tileground;tileground;tileground;tileground;tileground;tilewall;tileground;tileground;tileground;tileground;tileground;tileground;tileground;tileground;tilewall;tileground;tileground;tileground;tileground;tileground;tileground;tileground
tileground;tilewall;tileground;tileground;tileground;tileground;tileground;tileground;tileground;tilewall;tileground;tilewall;tileground;tileground;tileground;tileground;tileground;tileground;tileground;tileground;tileground;tilewall;tileground;tileground;tileground;tileground;tileground;tileground;tileground;tilewall;tileground;tileground;tileground;tileground;tileground;tilewall;tileground;tileground;tileground;tileground;tileground;tileground;tileground;tileground;tilewall;tileground;tileground;tileground;tileground;tileground;tileground;tileground;tileground;tilewall;tileground;tileground;tileground;tileground;tileground;tileground;tileground
tileground;tilewall;tileground;tileground;tileground;tileground;tileground;tileground;tileground;tilewall;tileground;tilewall;tileground;tileground;tileground;tileground;tileground;tileground;tileground;tileground;tileground;tilewall;tileground;tileground;tileground;tileground;tileground;tileground;tileground;tilewall;tileground;tileground;tileground;tileground;tileground;tilewall;tileground;tileground;tileground;tileground;tileground;tileground;tileground;tileground;tilewall;tileground;tileground;tileground;tileground;tileground;tileground;tileground;tileground;tilewall;tileground;tileground;tileground;tileground;tileground;tileground;tileground
tileground;tilewall;tileground;tileground;tileground;tileground;tileground;tileground;tileground;tilewall;tileground;tilewall;tileground;tileground;tileground;tileground;tileground;tileground;tileground;tileground;tileground;tilewall;tileground;tileground;tileground;tileground;tileground;tileground;tileground;tilewall;tileground;tileground;tileground;tileground;tileground;tilewall;tileground;tileground;tileground;tileground;tileground;tileground;tileground;tileground;tilewall;tileground;tileground;tileground;tileground;tileground;tileground;tileground;tileground;tilewall;tileground;tileground;tileground;tileground;tileground;tileground;tileground
tileground;tilewall;tileground;tileground;tileground;tileground;tileground;tileground;tileground;tilewall;tileground;tilewall;tileground;tileground;tileground;tileground;tileground;tileground;tileground;tileground;tileground;tilewall;tileground;tileground;tileground;tileground;tileground;tileground;tileground;tilewall;tileground;tileground;tileground;tileground;tileground;tilewall;tileground;tileground;tileground;tileground;tileground;tileground;tileground;tileground;tilewall;tileground;tileground;tileground;tileground;tileground;tileground;tileground;tileground;tilewall;tileground;tileground;tileground;tileground;tileground;tileground;tileground
tileground;tilewall;tileground;tileground;tilestart;tileground;tileground;tileground;tileground;tilewall;tileground;tilewall;tileground;tileground;tileground;tileground;tileground;tileground;tileground;tileground;tileground;tilewall;tileground;tileground;tileground;tileground;tileground;tileground;tileground;tilewall;tileground;tileground;tileground;tileground;tileground;tilewall;tileground;tileground;tileground;tileground;tileground;tileground;tileground;tileground;tilewall;tileground;tileground;tileground;tileground;tileground;tileground;tileground;tileground;tilewall;tileground;tileground;tileground;tileground;tileground;tileground;tileground
tileground;tilewall;tileground;tileground;tileground;tileground;tileground;tileground;tileground;tilewall;tileground;tilewall;tileground;tileground;tileground;tileground;tileground;tileground;tileground;tileground;tileground;tilewall;tileground;tileground;tileground;tileground;tileground;tileground;tileground;tilewall;tileground;tileground;tileground;tileground;tileground;tilewall;tileground;tileground;tileground;tileground;tileground;tileground;tileground;tileground;tilewall;tileground;tileground;tileground;tileground;tileground;tileground;tileground;tileground;tilewall;tileground;tileground;tileground;tileground;tileground;tileground;tileground
tileground;tilewall;tileground;tileground;tileground;tileground;tileground;tileground;tileground;tilewall;tileground;tilewall;tileground;tileground;tileground;tileground;tileground;tileground;tileground;tileground;tileground;tilewall;tileground;tileground;tileground;tileground;tileground;tileground;tileground;tilewall;tileground;tileground;tileground;tileground;tileground;tilewall;tileground;tileground;tileground;tileground;tileground;tileground;tileground;tileground;tilewall;tileground;tileground;tileground;tileground;tileground;tileground;tileground;tileground;tilewall;tileground;tileground;tileground;tileground;tileground;tileground;tileground
tileground;tilewall;tileground;tileground;tileground;tileground;tileground;tileground;tileground;tilewall;tileground;tilewall;tileground;tileground;tileground;tileground;tileground;tileground;tileground;tileground;tileground;tilewall;tileground;tileground;tileground;tileground;tileground;tileground;tileground;tilewall;tileground;tileground;tileground;tileground;tileground;tilewall;tileground;tileground;tileground;tileground;tileground;tileground;tileground;tileground;tilewall;tileground;tileground;tileground;tileground;tileground;tileground;tileground;tileground;tilewall;tileground;tileground;tileground;tileground;tileground;tileground;tileground
tileground;tilewall;tileground;tileground;tileground;tileground;tileground;tileground;tileground;tilewall;tileground;tilewall;tileground;tileground;tileground;tileground;tileground;tileground;tileground;tileground;tilewall;tilewall;tilewall;tilewall;tilewall;tilewall;tilewall;tilewall;tilewall;tilewall;tileground;tileground;tileground;tileground;tileground;tilewall;tileground;tileground;tileground;tileground;tileground;tileground;tileground;tileground;tilewall;tilewall;tilewall;tilewall;tilewall;tilewall;tilewall;tilewall;tilewall;tilewall;tileground;tileground;tileground;tileground;tileground;tileground;tileground
tileground;tilewall;tilewall;tilewall;tilewall;tilewall;tilewall;tilewall;tilewall;tilewall;tileground;tilewall;tileground;tileground;tileground;tileground;tileground;tileground;tileground;tileground;tilewall;tilewall;tilewall;tilewall;tilewall;tilewall;tilewall;tilewall;tilewall;tilewall;tileground;tileground;tileground;tileground;tileground;tilewall;tileground;tileground;tileground;tileground;tileground;tileground;tileground;tileground;tileground;tileground;tileground;tileground;tileground;tileground;tileground;tileground;tileground;tileground;tileground;tileground;tileground;tileground;tileground;tileground;tileground
tileground;tilewall;tilewall;tilewall;tilewall;tilewall;tilewall;tilewall;tilewall;tilewall;tileground;tilewall;tileground;tileground;tileground;tileground;tileground;tileground;tileground;tileground;tilewall;tileground;tileground;tileground;tileground;tileground;tileground;tileground;tileground;tileground;tileground;tileground;tileground;tileground;tileground;tilewall;tileground;tileground;tileground;tileground;tileground;tileground;tileground;tileground;tileground;tileground;tileground;tileground;tileground;tileground;tileground;tileground;tileground;tileground;tileground;tileground;tileground;tileground;tileground;tileground;tileground
tileground;tileground;tileground;tileground;tileground;tileground;tileground;tileground;tileground;tileground;tileground;tileground;tileground;tileground;tileground;tileground;tileground;tileground;tileground;tileground;tilewall;tileground;tileground;tileground;tileground;tileground;tileground;tileground;tileground;tileground;tileground;tileground;tileground;tileground;tileground;tilewall;tileground;tileground;tileground;tileground;tileground;tileground;tileground;tileground;tileground;tileground;tileground;tileground;tileground;tileground;tileground;tileground;tileground;tileground;tileground;tileground;tileground;tileground;tileground;tileground;tileground
tileground;tileground;tileground;tileground;tileground;tileground;tileground;tileground;tileground;tileground;tileground;tileground;tileground;tileground;tileground;tileground;tileground;tileground;tileground;tileground;tilewall;tileground;tileground;tileground;tileground;tileground;tileground;tileground;tileground;tileground;tileground;tileground;tileground;tileground;tileground;tilewall;tileground;tileground;tileground;tileground;tileground;tileground;tileground;tileground;tileground;tileground;tileground;tileground;tileground;tileground;tileground;tileground;tileground;tileground;tileground;tileground;tileground;tileground;tileground;tileground;tileground
tileground;tileground;tileground;tileground;tileground;tileground;tileground;tileground;tileground;tileground;tileground;tileground;tileground;tileground;tileground;tileground;tileground;tileground;tileground;tileground;tilewall;tileground;tileground;tileground;tileground;tileground;tileground;tileground;tileground;tileground;tileground;tileground;tileground;tileground;tileground;tilewall;tileground;tileground;tileground;tileground;tileground;tileground;tileground;tileground;tileground;tileground;tileground;tileground;tileground;tileground;tileground;tileground;tileground;tileground;tileground;tileground;tileground;tileground;tileground;tileground;tileground
tileground;tileground;tileground;tileground;tileground;tileground;tileground;tileground;tileground;tileground;tileground;tileground;tileground;tileground;tileground;tileground;tileground;tileground;tileground;tileground;tilewall;tileground;tileground;tileground;tileground;tileground;tileground;tileground;tileground;tileground;tileground;tileground;tileground;tileground;tileground;tilewall;tileground;tileground;tileground;tileground;tileground;tileground;tileground;tileground;tileground;tileground;tileground;tileground;tileground;tileground;tileground;tileground;tileground;tileground;tileground;tileground;tileground;tileground;tileground;tileground;tileground
tileground;tileground;tileground;tileground;tileground;tileground;tileground;tileground;tileground;tileground;tileground;tileground;tileground;tileground;tileground;tileground;tileground;tileground;tileground;tileground;tilewall;tileground;tileground;tileground;tileground;tileground;tileground;tileground;tileground;tileground;tileground;tileground;tileground;tileground;tileground;tilewall;tileground;tileground;tileground;tileground;tileground;tileground;tileground;tileground;tileground;tileground;tileground;tileground;tileground;tileground;tileground;tileground;tileground;tileground;tileground;tileground;tileground;tileground;tileground;tileground;tileground
tileground;tileground;tileground;tileground;tileground;tileground;tileground;tileground;tileground;tileground;tileground;tileground;tileground;tileground;tileground;tileground;tileground;tileground;tileground;tileground;tilewall;tileground;tileground;tileground;tileground;tileground;tileground;tileground;tileground;tileground;tileground;tileground;tileground;tileground;tileground;tilewall;tileground;tileground;tileground;tileground;tileground;tileground;tileground;tileground;tileground;tileground;tileground;tileground;tileground;tileground;tileground;tileground;tileground;tileground;tileground;tileground;tileground;tileground;tileground;tileground;tileground
tileground;tileground;tileground;tileground;tileground;tileground;tileground;tileground;tileground;tileground;tileground;tileground;tileground;tileground;tileground;tileground;tileground;tileground;tileground;tileground;tilewall;tileground;tileground;tileground;tileground;tileground;tileground;tileground;tileground;tileground;tileground;tileground;tileground;tileground;tileground;tilewall;tileground;tileground;tileground;tileground;tileground;tileground;tileground;tileground;tileground;tileground;tileground;tileground;tileground;tileground;tileground;tileground;tileground;tileground;tileground;tileground;tileground;tileground;tileground;tileground;tileground
tileground;tileground;tileground;tileground;tileground;tileground;tileground;tileground;tileground;tileground;tileground;tileground;tileground;tileground;tileground;tileground;tileground;tileground;tileground;tileground;tilewall;tileground;tileground;tileground;tileground;tileground;tileground;tileground;tileground;tileground;tileground;tileground;tileground;tileground;tileground;tilewall;tileground;tileground;tileground;tileground;tileground;tileground;tileground;tileground;tileground;tileground;tileground;tileground;tileground;tileground;tileground;tileground;tileground;tileground;tileground;tileground;tileground;tileground;tileground;tileground;tileground
tileground;tileground;tileground;tileground;tileground;tileground;tileground;tileground;tileground;tileground;tileground;tileground;tileground;tileground;tileground;tileground;tileground;tileground;tileground;tileground;tilewall;tileground;tileground;tileground;tileground;tileground;tileground;tileground;tileground;tileground;tileground;tileground;tileground;tileground;tileground;tileground;tileground;tileground;tileground;tileground;tileground;tileground;tileground;tileground;tileground;tileground;tileground;tileground;tileground;tileground;tileground;tileground;tileground;tileground;tileground;tileground;tileground;tileground;tileground;tileground;tileground
tileground;tileground;tileground;tileground;tileground;tileground;tileground;tileground;tileground;tileground;tileground;tileground;tileground;tileground;tileground;tileground;tileground;tileground;tileground;tileground;tilewall;tileground;tileground;tileground;tileground;tileground;tileground;tileground;tileground;tileground;tileground;tileground;tileground;tileground;tileground;tileground;tileground;tileground;tileground;tileground;tileground;tileground;tileground;tileground;tileground;tileground;tileground;tileground;tileground;tileground;tileground;tileground;tileground;tileground;tileground;tileground;tileground;tileground;tileground;tileground;tileground
tileground;tileground;tileground;tileground;tileground;tileground;tileground;tileground;tileground;tileground;tileground;tileground;tileground;tileground;tileground;tileground;tileground;tileground;tileground;tileground;tilewall;tileground;tileground;tileground;tileground;tileground;tileground;tileground;tileground;tileground;tileground;tileground;tileground;tileground;tileground;tileground;tileground;tileground;tileground;tileground;tileground;tileground;tileground;tileground;tileground;tileground;tileground;tileground;tileground;tileground;tileground;tileground;tileground;tileground;tileground;tileground;tileground;tileground;tileground;tileground;tileground